<?xml version="1.0" encoding="UTF-8"?>
<project-private xmlns="http://www.netbeans.org/ns/project-private/1">
    <editor-bookmarks xmlns="http://www.netbeans.org/ns/editor-bookmarks/2" lastBookmarkId="0"/>
    <open-files xmlns="http://www.netbeans.org/ns/projectui-open-files/2">
        <group>
            <file>file:/C:/Users/phuc_/Documents/NetBeansProjects/testgame/src/testgame/Bullet_SniperTower.java</file>
            <file>file:/C:/Users/phuc_/Documents/NetBeansProjects/testgame/src/testgame/SmallerEnemy.java</file>
            <file>file:/C:/Users/phuc_/Documents/NetBeansProjects/testgame/src/resources/smaller.png</file>
            <file>file:/C:/Users/phuc_/Documents/NetBeansProjects/testgame/src/testgame/PathPosition.java</file>
            <file>file:/C:/Users/phuc_/Documents/NetBeansProjects/testgame/src/testgame/GamePanel.java</file>
            <file>file:/C:/Users/phuc_/Documents/NetBeansProjects/testgame/src/resources/quai_L2.png</file>
            <file>file:/C:/Users/phuc_/Documents/NetBeansProjects/testgame/src/testgame/MachineGunTower.java</file>
            <file>file:/C:/Users/phuc_/Documents/NetBeansProjects/testgame/src/testgame/Panel.java</file>
            <file>file:/C:/Users/phuc_/Documents/NetBeansProjects/testgame/src/resources/nen.jpg</file>
            <file>file:/C:/Users/phuc_/Documents/NetBeansProjects/testgame/src/resources/Boss.png</file>
            <file>file:/C:/Users/phuc_/Documents/NetBeansProjects/testgame/src/resources/cau_lua.png</file>
            <file>file:/C:/Users/phuc_/Documents/NetBeansProjects/testgame/src/resources/quai2.png</file>
            <file>file:/C:/Users/phuc_/Documents/NetBeansProjects/testgame/src/testgame/Bullet_MachineGunTower.java</file>
            <file>file:/C:/Users/phuc_/Documents/NetBeansProjects/testgame/src/testgame/Tower.java</file>
            <file>file:/C:/Users/phuc_/Documents/NetBeansProjects/testgame/src/testgame/NormalEnemy.java</file>
            <file>file:/C:/Users/phuc_/Documents/NetBeansProjects/testgame/src/testgame/TankerEnemy.java</file>
            <file>file:/C:/Users/phuc_/Documents/NetBeansProjects/testgame/src/testgame/SniperTower.java</file>
            <file>file:/C:/Users/phuc_/Documents/NetBeansProjects/testgame/src/resources/menu.jpg</file>
            <file>file:/C:/Users/phuc_/Documents/NetBeansProjects/testgame/src/resources/sun_spot.png</file>
            <file>file:/C:/Users/phuc_/Documents/NetBeansProjects/testgame/src/testgame/Coordinate.java</file>
            <file>file:/C:/Users/phuc_/Documents/NetBeansProjects/testgame/src/testgame/Bullet.java</file>
            <file>file:/C:/Users/phuc_/Documents/NetBeansProjects/testgame/src/resources/quai1.png</file>
            <file>file:/C:/Users/phuc_/Documents/NetBeansProjects/testgame/src/resources/path_1.txt</file>
            <file>file:/C:/Users/phuc_/Documents/NetBeansProjects/testgame/src/testgame/ImageLoader.java</file>
            <file>file:/C:/Users/phuc_/Documents/NetBeansProjects/testgame/src/testgame/Bullet_NormalTower.java</file>
            <file>file:/C:/Users/phuc_/Documents/NetBeansProjects/testgame/src/resources/game_over.png</file>
            <file>file:/C:/Users/phuc_/Documents/NetBeansProjects/testgame/src/testgame/BossEnemy.java</file>
            <file>file:/C:/Users/phuc_/Documents/NetBeansProjects/testgame/src/resources/tru1.png</file>
            <file>file:/C:/Users/phuc_/Documents/NetBeansProjects/testgame/src/testgame/Enemy.java</file>
            <file>file:/C:/Users/phuc_/Documents/NetBeansProjects/testgame/src/testgame/NormalTower.java</file>
            <file>file:/C:/Users/phuc_/Documents/NetBeansProjects/testgame/src/testgame/PathPoints.java</file>
            <file>file:/C:/Users/phuc_/Documents/NetBeansProjects/testgame/src/testgame/Game.java</file>
            <file>file:/C:/Users/phuc_/Documents/NetBeansProjects/testgame/src/resources/tru2.png</file>
        </group>
    </open-files>
</project-private>
